id_docente,nombre,apellido,titulo,domicilio,telefono,email,materia,horario,id_pagos_admin
1,'Shawnee','Dellenbrook','Bibliotecario','Marconi 321 Moron','229-113-2083','sdellenbrook0@joomla.org','Matematica','10:00','1'
2,'Chrysler','MacAvaddy','Contador','Washington 500, Avellaneda','974-245-6699','cmacavaddy1@digg.dd','Contabilidad','8:00','2'
3,'Ignacio','Humblestone','Licenciado en Marketing','Bonifacio 1401, Flores','162-231-4229','ihumblestone2@cbslocal.dd','Geografia','8:00','3'
4,'Lisha','Espinho,Analista de Sistemas','Mitre 680, Avellaneda','302-329-7723','lespinho3@economist.dd','Informatica','14:00','4'
5,'Madelene','Tottle','Actuario','Las Flores 122, Wilde','182-169-8616','mtottle4@ft.dd','Literatura','10:00','5'
6,'Austin','Geldeford','Licenciado en RRHH','Sucre 1515,Palermo','981-119-5673','ageldeford5@privacy.gov.au','Arte','8:00','6'
7,'Ertha','Claremont','Ingeniero Agronomo','Rivadavia 3333, Congreso','614-405-4918','eclaremont6@infoseek.co.jp','Fisica','9:00','7'
8,'Shanda','Hannon','Arquitecto','Juan XXI 65, Palermo','913-297-9085','shannon7@i2i.jp','Algebra','11:00','8'
9,'Angelina','Cuvley','Ingeniero Quimico,'Formosa 123, Caballitlo','690-737-9165','acuvley8@youku.dd','Quimica,'12:00','9'
10,'Jedidiah','Olahy,'Carpintero','Zuviria 990, Almagro','134-918-5617','jolahy9@merriam-webster.dd','Taller,'11:00','10'

